{
  "version": "41.0.0",
  "files": {
    "23df4a10f7743e90a710888ea87205f23d214aad2b34e617221bec49c1d24ebc": {
      "displayName": "data/amplifyData/AmplifyTableManager/TableManagerCustomProvider/framework-onEvent/Code",
      "source": {
        "path": "asset.23df4a10f7743e90a710888ea87205f23d214aad2b34e617221bec49c1d24ebc",
        "packaging": "zip"
      },
      "destinations": {
        "current_account-current_region": {
          "bucketName": "cdk-hnb659fds-assets-${AWS::AccountId}-${AWS::Region}",
          "objectKey": "23df4a10f7743e90a710888ea87205f23d214aad2b34e617221bec49c1d24ebc.zip",
          "assumeRoleArn": "arn:${AWS::Partition}:iam::${AWS::AccountId}:role/cdk-hnb659fds-file-publishing-role-${AWS::AccountId}-${AWS::Region}"
        }
      }
    },
    "0224a3e5097427da3f4460b5d6d2b86ad4195c9cb8da7bc13e7187eead1c3ae3": {
      "displayName": "data/amplifyData/Todo/QuerygetTodoauth0Function/Templateresolvers--Query.getTodo.auth.1.req.vtl",
      "source": {
        "path": "asset.0224a3e5097427da3f4460b5d6d2b86ad4195c9cb8da7bc13e7187eead1c3ae3.vtl",
        "packaging": "file"
      },
      "destinations": {
        "current_account-current_region": {
          "bucketName": "cdk-hnb659fds-assets-${AWS::AccountId}-${AWS::Region}",
          "objectKey": "0224a3e5097427da3f4460b5d6d2b86ad4195c9cb8da7bc13e7187eead1c3ae3.vtl",
          "assumeRoleArn": "arn:${AWS::Partition}:iam::${AWS::AccountId}:role/cdk-hnb659fds-file-publishing-role-${AWS::AccountId}-${AWS::Region}"
        }
      }
    },
    "c1721bcd774e27c514d3454b5be4f9bdd094c0161b57ddf053d618e3b0086a77": {
      "displayName": "data/amplifyData/Todo/QuerygetTodopostAuth0Function/Templateresolvers--Query.getTodo.postAuth.1.req.vtl",
      "source": {
        "path": "asset.c1721bcd774e27c514d3454b5be4f9bdd094c0161b57ddf053d618e3b0086a77.vtl",
        "packaging": "file"
      },
      "destinations": {
        "current_account-current_region": {
          "bucketName": "cdk-hnb659fds-assets-${AWS::AccountId}-${AWS::Region}",
          "objectKey": "c1721bcd774e27c514d3454b5be4f9bdd094c0161b57ddf053d618e3b0086a77.vtl",
          "assumeRoleArn": "arn:${AWS::Partition}:iam::${AWS::AccountId}:role/cdk-hnb659fds-file-publishing-role-${AWS::AccountId}-${AWS::Region}"
        }
      }
    },
    "08f4d557693d96c1a4efba0f9dc91330e4b19772fd5477c156468843e3d9cb5e": {
      "displayName": "data/amplifyData/Todo/QueryGetTodoDataResolverFn/Templateresolvers--Query.getTodo.req.vtl",
      "source": {
        "path": "asset.08f4d557693d96c1a4efba0f9dc91330e4b19772fd5477c156468843e3d9cb5e.vtl",
        "packaging": "file"
      },
      "destinations": {
        "current_account-current_region": {
          "bucketName": "cdk-hnb659fds-assets-${AWS::AccountId}-${AWS::Region}",
          "objectKey": "08f4d557693d96c1a4efba0f9dc91330e4b19772fd5477c156468843e3d9cb5e.vtl",
          "assumeRoleArn": "arn:${AWS::Partition}:iam::${AWS::AccountId}:role/cdk-hnb659fds-file-publishing-role-${AWS::AccountId}-${AWS::Region}"
        }
      }
    },
    "4c6a2d29f01c6091bd1d9afe16e5849d456c96f17c3b215938c8067399532719": {
      "displayName": "data/amplifyData/Todo/QueryGetTodoDataResolverFn/Templateresolvers--Query.getTodo.res.vtl",
      "source": {
        "path": "asset.4c6a2d29f01c6091bd1d9afe16e5849d456c96f17c3b215938c8067399532719.vtl",
        "packaging": "file"
      },
      "destinations": {
        "current_account-current_region": {
          "bucketName": "cdk-hnb659fds-assets-${AWS::AccountId}-${AWS::Region}",
          "objectKey": "4c6a2d29f01c6091bd1d9afe16e5849d456c96f17c3b215938c8067399532719.vtl",
          "assumeRoleArn": "arn:${AWS::Partition}:iam::${AWS::AccountId}:role/cdk-hnb659fds-file-publishing-role-${AWS::AccountId}-${AWS::Region}"
        }
      }
    },
    "9fcbe070ecd3023c5bf5b966fa9584757db9762eef123bad0820bd87591b2174": {
      "displayName": "data/amplifyData/Todo/QueryListTodosDataResolverFn/Templateresolvers--Query.listTodos.req.vtl",
      "source": {
        "path": "asset.9fcbe070ecd3023c5bf5b966fa9584757db9762eef123bad0820bd87591b2174.vtl",
        "packaging": "file"
      },
      "destinations": {
        "current_account-current_region": {
          "bucketName": "cdk-hnb659fds-assets-${AWS::AccountId}-${AWS::Region}",
          "objectKey": "9fcbe070ecd3023c5bf5b966fa9584757db9762eef123bad0820bd87591b2174.vtl",
          "assumeRoleArn": "arn:${AWS::Partition}:iam::${AWS::AccountId}:role/cdk-hnb659fds-file-publishing-role-${AWS::AccountId}-${AWS::Region}"
        }
      }
    },
    "cc01911d0269d4080ea57505dc445dfc315ef7ad85d3d9d4ea1357858bff451d": {
      "displayName": "data/amplifyData/Todo/QueryListTodosDataResolverFn/Templateresolvers--Query.listTodos.res.vtl",
      "source": {
        "path": "asset.cc01911d0269d4080ea57505dc445dfc315ef7ad85d3d9d4ea1357858bff451d.vtl",
        "packaging": "file"
      },
      "destinations": {
        "current_account-current_region": {
          "bucketName": "cdk-hnb659fds-assets-${AWS::AccountId}-${AWS::Region}",
          "objectKey": "cc01911d0269d4080ea57505dc445dfc315ef7ad85d3d9d4ea1357858bff451d.vtl",
          "assumeRoleArn": "arn:${AWS::Partition}:iam::${AWS::AccountId}:role/cdk-hnb659fds-file-publishing-role-${AWS::AccountId}-${AWS::Region}"
        }
      }
    },
    "a183ddccbd956316c38ef97177b8f088ef0826f62023323f5ae6053d348ccffc": {
      "displayName": "data/amplifyData/Todo/MutationcreateTodoinit0Function/Templateresolvers--Mutation.createTodo.init.1.req.vtl",
      "source": {
        "path": "asset.a183ddccbd956316c38ef97177b8f088ef0826f62023323f5ae6053d348ccffc.vtl",
        "packaging": "file"
      },
      "destinations": {
        "current_account-current_region": {
          "bucketName": "cdk-hnb659fds-assets-${AWS::AccountId}-${AWS::Region}",
          "objectKey": "a183ddccbd956316c38ef97177b8f088ef0826f62023323f5ae6053d348ccffc.vtl",
          "assumeRoleArn": "arn:${AWS::Partition}:iam::${AWS::AccountId}:role/cdk-hnb659fds-file-publishing-role-${AWS::AccountId}-${AWS::Region}"
        }
      }
    },
    "d637c1fb7301003b8a5ada269338cf2e8df6cc0dc412ef13acc6158d680b6d3e": {
      "displayName": "data/amplifyData/Todo/MutationcreateTodoauth0Function/Templateresolvers--Mutation.createTodo.auth.1.req.vtl",
      "source": {
        "path": "asset.d637c1fb7301003b8a5ada269338cf2e8df6cc0dc412ef13acc6158d680b6d3e.vtl",
        "packaging": "file"
      },
      "destinations": {
        "current_account-current_region": {
          "bucketName": "cdk-hnb659fds-assets-${AWS::AccountId}-${AWS::Region}",
          "objectKey": "d637c1fb7301003b8a5ada269338cf2e8df6cc0dc412ef13acc6158d680b6d3e.vtl",
          "assumeRoleArn": "arn:${AWS::Partition}:iam::${AWS::AccountId}:role/cdk-hnb659fds-file-publishing-role-${AWS::AccountId}-${AWS::Region}"
        }
      }
    },
    "2bf64327ca5682da4be84d0d16440204e25abc3a221195b41f2d21dfa432e5ab": {
      "displayName": "data/amplifyData/Todo/MutationCreateTodoDataResolverFn/Templateresolvers--Mutation.createTodo.req.vtl",
      "source": {
        "path": "asset.2bf64327ca5682da4be84d0d16440204e25abc3a221195b41f2d21dfa432e5ab.vtl",
        "packaging": "file"
      },
      "destinations": {
        "current_account-current_region": {
          "bucketName": "cdk-hnb659fds-assets-${AWS::AccountId}-${AWS::Region}",
          "objectKey": "2bf64327ca5682da4be84d0d16440204e25abc3a221195b41f2d21dfa432e5ab.vtl",
          "assumeRoleArn": "arn:${AWS::Partition}:iam::${AWS::AccountId}:role/cdk-hnb659fds-file-publishing-role-${AWS::AccountId}-${AWS::Region}"
        }
      }
    },
    "f4a52b72209a9dfa197b5e7367a5c378c5bb86de6e29ddd9e48b49a3fe54b249": {
      "displayName": "data/amplifyData/Todo/MutationCreateTodoDataResolverFn/Templateresolvers--Mutation.createTodo.res.vtl",
      "source": {
        "path": "asset.f4a52b72209a9dfa197b5e7367a5c378c5bb86de6e29ddd9e48b49a3fe54b249.vtl",
        "packaging": "file"
      },
      "destinations": {
        "current_account-current_region": {
          "bucketName": "cdk-hnb659fds-assets-${AWS::AccountId}-${AWS::Region}",
          "objectKey": "f4a52b72209a9dfa197b5e7367a5c378c5bb86de6e29ddd9e48b49a3fe54b249.vtl",
          "assumeRoleArn": "arn:${AWS::Partition}:iam::${AWS::AccountId}:role/cdk-hnb659fds-file-publishing-role-${AWS::AccountId}-${AWS::Region}"
        }
      }
    },
    "06db846fd14e6fc371f22b12b5545ba8e2dbfeda85d8c8d586c71c282166657b": {
      "displayName": "data/amplifyData/Todo/MutationupdateTodoinit0Function/Templateresolvers--Mutation.updateTodo.init.1.req.vtl",
      "source": {
        "path": "asset.06db846fd14e6fc371f22b12b5545ba8e2dbfeda85d8c8d586c71c282166657b.vtl",
        "packaging": "file"
      },
      "destinations": {
        "current_account-current_region": {
          "bucketName": "cdk-hnb659fds-assets-${AWS::AccountId}-${AWS::Region}",
          "objectKey": "06db846fd14e6fc371f22b12b5545ba8e2dbfeda85d8c8d586c71c282166657b.vtl",
          "assumeRoleArn": "arn:${AWS::Partition}:iam::${AWS::AccountId}:role/cdk-hnb659fds-file-publishing-role-${AWS::AccountId}-${AWS::Region}"
        }
      }
    },
    "1f5fed297da9c32ae3af922bf3a38ccf23b956078887d16891ec06c20c64722c": {
      "displayName": "data/amplifyData/Todo/MutationupdateTodoauth0Function/Templateresolvers--Mutation.updateTodo.auth.1.req.vtl",
      "source": {
        "path": "asset.1f5fed297da9c32ae3af922bf3a38ccf23b956078887d16891ec06c20c64722c.vtl",
        "packaging": "file"
      },
      "destinations": {
        "current_account-current_region": {
          "bucketName": "cdk-hnb659fds-assets-${AWS::AccountId}-${AWS::Region}",
          "objectKey": "1f5fed297da9c32ae3af922bf3a38ccf23b956078887d16891ec06c20c64722c.vtl",
          "assumeRoleArn": "arn:${AWS::Partition}:iam::${AWS::AccountId}:role/cdk-hnb659fds-file-publishing-role-${AWS::AccountId}-${AWS::Region}"
        }
      }
    },
    "89f92efd98b1034df0e2497fe31a97de6975de554b8a22e0677d05d6efcafa59": {
      "displayName": "data/amplifyData/Todo/MutationupdateTodoauth0Function/Templateresolvers--Mutation.updateTodo.auth.1.res.vtl",
      "source": {
        "path": "asset.89f92efd98b1034df0e2497fe31a97de6975de554b8a22e0677d05d6efcafa59.vtl",
        "packaging": "file"
      },
      "destinations": {
        "current_account-current_region": {
          "bucketName": "cdk-hnb659fds-assets-${AWS::AccountId}-${AWS::Region}",
          "objectKey": "89f92efd98b1034df0e2497fe31a97de6975de554b8a22e0677d05d6efcafa59.vtl",
          "assumeRoleArn": "arn:${AWS::Partition}:iam::${AWS::AccountId}:role/cdk-hnb659fds-file-publishing-role-${AWS::AccountId}-${AWS::Region}"
        }
      }
    },
    "474bf0776ec2164a13191d1a0a9e057154931e4918fea5086f49850d02a5371b": {
      "displayName": "data/amplifyData/Todo/MutationUpdateTodoDataResolverFn/Templateresolvers--Mutation.updateTodo.req.vtl",
      "source": {
        "path": "asset.474bf0776ec2164a13191d1a0a9e057154931e4918fea5086f49850d02a5371b.vtl",
        "packaging": "file"
      },
      "destinations": {
        "current_account-current_region": {
          "bucketName": "cdk-hnb659fds-assets-${AWS::AccountId}-${AWS::Region}",
          "objectKey": "474bf0776ec2164a13191d1a0a9e057154931e4918fea5086f49850d02a5371b.vtl",
          "assumeRoleArn": "arn:${AWS::Partition}:iam::${AWS::AccountId}:role/cdk-hnb659fds-file-publishing-role-${AWS::AccountId}-${AWS::Region}"
        }
      }
    },
    "e3416b4d47414f29c21e59a70e83bddb959ef0625854ed7fb0ca376573e99069": {
      "displayName": "data/amplifyData/Todo/MutationdeleteTodoauth0Function/Templateresolvers--Mutation.deleteTodo.auth.1.res.vtl",
      "source": {
        "path": "asset.e3416b4d47414f29c21e59a70e83bddb959ef0625854ed7fb0ca376573e99069.vtl",
        "packaging": "file"
      },
      "destinations": {
        "current_account-current_region": {
          "bucketName": "cdk-hnb659fds-assets-${AWS::AccountId}-${AWS::Region}",
          "objectKey": "e3416b4d47414f29c21e59a70e83bddb959ef0625854ed7fb0ca376573e99069.vtl",
          "assumeRoleArn": "arn:${AWS::Partition}:iam::${AWS::AccountId}:role/cdk-hnb659fds-file-publishing-role-${AWS::AccountId}-${AWS::Region}"
        }
      }
    },
    "4f7907d1209a2c9953a0c053df402c634e359546d70c7cc5c2e8e21ea734880f": {
      "displayName": "data/amplifyData/Todo/MutationDeleteTodoDataResolverFn/Templateresolvers--Mutation.deleteTodo.req.vtl",
      "source": {
        "path": "asset.4f7907d1209a2c9953a0c053df402c634e359546d70c7cc5c2e8e21ea734880f.vtl",
        "packaging": "file"
      },
      "destinations": {
        "current_account-current_region": {
          "bucketName": "cdk-hnb659fds-assets-${AWS::AccountId}-${AWS::Region}",
          "objectKey": "4f7907d1209a2c9953a0c053df402c634e359546d70c7cc5c2e8e21ea734880f.vtl",
          "assumeRoleArn": "arn:${AWS::Partition}:iam::${AWS::AccountId}:role/cdk-hnb659fds-file-publishing-role-${AWS::AccountId}-${AWS::Region}"
        }
      }
    },
    "e6da5a6e993df8b5fdc91086b71eb53e72a3a97c98836ef9c9257776f36c452b": {
      "displayName": "data/amplifyData/Todo/SubscriptiononCreateTodoauth0Function/Templateresolvers--Subscription.onCreateTodo.auth.1.req.vtl",
      "source": {
        "path": "asset.e6da5a6e993df8b5fdc91086b71eb53e72a3a97c98836ef9c9257776f36c452b.vtl",
        "packaging": "file"
      },
      "destinations": {
        "current_account-current_region": {
          "bucketName": "cdk-hnb659fds-assets-${AWS::AccountId}-${AWS::Region}",
          "objectKey": "e6da5a6e993df8b5fdc91086b71eb53e72a3a97c98836ef9c9257776f36c452b.vtl",
          "assumeRoleArn": "arn:${AWS::Partition}:iam::${AWS::AccountId}:role/cdk-hnb659fds-file-publishing-role-${AWS::AccountId}-${AWS::Region}"
        }
      }
    },
    "fe3c43ada4b9d681a5e2312663ef7a73386424d73b73e51f8e2e9d4b50f7c502": {
      "displayName": "data/amplifyData/Todo/SubscriptionOnCreateTodoDataResolverFn/Templateresolvers--Subscription.onCreateTodo.req.vtl",
      "source": {
        "path": "asset.fe3c43ada4b9d681a5e2312663ef7a73386424d73b73e51f8e2e9d4b50f7c502.vtl",
        "packaging": "file"
      },
      "destinations": {
        "current_account-current_region": {
          "bucketName": "cdk-hnb659fds-assets-${AWS::AccountId}-${AWS::Region}",
          "objectKey": "fe3c43ada4b9d681a5e2312663ef7a73386424d73b73e51f8e2e9d4b50f7c502.vtl",
          "assumeRoleArn": "arn:${AWS::Partition}:iam::${AWS::AccountId}:role/cdk-hnb659fds-file-publishing-role-${AWS::AccountId}-${AWS::Region}"
        }
      }
    },
    "e0cff47fb007f0bbf2a4e43ca256d6aa7ec109821769fd79fa7c5e83f0e7f9fc": {
      "displayName": "data/amplifyData/Todo/SubscriptionOnCreateTodoDataResolverFn/Templateresolvers--Subscription.onCreateTodo.res.vtl",
      "source": {
        "path": "asset.e0cff47fb007f0bbf2a4e43ca256d6aa7ec109821769fd79fa7c5e83f0e7f9fc.vtl",
        "packaging": "file"
      },
      "destinations": {
        "current_account-current_region": {
          "bucketName": "cdk-hnb659fds-assets-${AWS::AccountId}-${AWS::Region}",
          "objectKey": "e0cff47fb007f0bbf2a4e43ca256d6aa7ec109821769fd79fa7c5e83f0e7f9fc.vtl",
          "assumeRoleArn": "arn:${AWS::Partition}:iam::${AWS::AccountId}:role/cdk-hnb659fds-file-publishing-role-${AWS::AccountId}-${AWS::Region}"
        }
      }
    },
    "faa95a81ae7d7373f3e1f242268f904eb748d8d0fdd306e8a6fe515a1905a7d6": {
      "displayName": "amplify-rebackreactts-ivers-sandbox-7de3351196/data/Custom::S3AutoDeleteObjectsCustomResourceProvider Code",
      "source": {
        "path": "asset.faa95a81ae7d7373f3e1f242268f904eb748d8d0fdd306e8a6fe515a1905a7d6",
        "packaging": "zip"
      },
      "destinations": {
        "current_account-current_region": {
          "bucketName": "cdk-hnb659fds-assets-${AWS::AccountId}-${AWS::Region}",
          "objectKey": "faa95a81ae7d7373f3e1f242268f904eb748d8d0fdd306e8a6fe515a1905a7d6.zip",
          "assumeRoleArn": "arn:${AWS::Partition}:iam::${AWS::AccountId}:role/cdk-hnb659fds-file-publishing-role-${AWS::AccountId}-${AWS::Region}"
        }
      }
    },
    "8a84a8f465fbe0c48af2c256847ec9abfe095d23781b749728b998315f3ad732": {
      "displayName": "data/amplifyData/AmplifyCodegenAssets/AmplifyCodegenAssetsDeployment/AwsCliLayer/Code",
      "source": {
        "path": "asset.8a84a8f465fbe0c48af2c256847ec9abfe095d23781b749728b998315f3ad732.zip",
        "packaging": "file"
      },
      "destinations": {
        "current_account-current_region": {
          "bucketName": "cdk-hnb659fds-assets-${AWS::AccountId}-${AWS::Region}",
          "objectKey": "8a84a8f465fbe0c48af2c256847ec9abfe095d23781b749728b998315f3ad732.zip",
          "assumeRoleArn": "arn:${AWS::Partition}:iam::${AWS::AccountId}:role/cdk-hnb659fds-file-publishing-role-${AWS::AccountId}-${AWS::Region}"
        }
      }
    },
    "9a1fcb4a7ecba81ad70e9d3fb241f6794497da945dae5f25924e4dd002b65f2d": {
      "displayName": "data/Custom::CDKBucketDeployment8693BB64968944B69AAFB0CC9EB8756C1536MiB/Code",
      "source": {
        "path": "asset.9a1fcb4a7ecba81ad70e9d3fb241f6794497da945dae5f25924e4dd002b65f2d",
        "packaging": "zip"
      },
      "destinations": {
        "current_account-current_region": {
          "bucketName": "cdk-hnb659fds-assets-${AWS::AccountId}-${AWS::Region}",
          "objectKey": "9a1fcb4a7ecba81ad70e9d3fb241f6794497da945dae5f25924e4dd002b65f2d.zip",
          "assumeRoleArn": "arn:${AWS::Partition}:iam::${AWS::AccountId}:role/cdk-hnb659fds-file-publishing-role-${AWS::AccountId}-${AWS::Region}"
        }
      }
    },
    "f99e250b07298c1eeb19f4da0ad795be74c098a424ba42c5d0f28add468f5a29": {
      "displayName": "data/amplifyData/AmplifyCodegenAssets/AmplifyCodegenAssetsDeployment/Asset1",
      "source": {
        "path": "asset.f99e250b07298c1eeb19f4da0ad795be74c098a424ba42c5d0f28add468f5a29",
        "packaging": "zip"
      },
      "destinations": {
        "current_account-current_region": {
          "bucketName": "cdk-hnb659fds-assets-${AWS::AccountId}-${AWS::Region}",
          "objectKey": "f99e250b07298c1eeb19f4da0ad795be74c098a424ba42c5d0f28add468f5a29.zip",
          "assumeRoleArn": "arn:${AWS::Partition}:iam::${AWS::AccountId}:role/cdk-hnb659fds-file-publishing-role-${AWS::AccountId}-${AWS::Region}"
        }
      }
    },
    "0ca82f2db3d810076dae08a1570d9c1fc6e7eb723b32c633b9e7f080f54f5982": {
      "displayName": "data/modelIntrospectionSchemaBucketDeployment/Asset1",
      "source": {
        "path": "asset.0ca82f2db3d810076dae08a1570d9c1fc6e7eb723b32c633b9e7f080f54f5982",
        "packaging": "zip"
      },
      "destinations": {
        "current_account-current_region": {
          "bucketName": "cdk-hnb659fds-assets-${AWS::AccountId}-${AWS::Region}",
          "objectKey": "0ca82f2db3d810076dae08a1570d9c1fc6e7eb723b32c633b9e7f080f54f5982.zip",
          "assumeRoleArn": "arn:${AWS::Partition}:iam::${AWS::AccountId}:role/cdk-hnb659fds-file-publishing-role-${AWS::AccountId}-${AWS::Region}"
        }
      }
    },
    "1db5a9b062a884749d0491972d5f030e4161d40698de48b5fc5c1c119de03607": {
      "displayName": "data/amplifyData/GraphQLAPI/schema",
      "source": {
        "path": "asset.1db5a9b062a884749d0491972d5f030e4161d40698de48b5fc5c1c119de03607.graphql",
        "packaging": "file"
      },
      "destinations": {
        "current_account-current_region": {
          "bucketName": "cdk-hnb659fds-assets-${AWS::AccountId}-${AWS::Region}",
          "objectKey": "1db5a9b062a884749d0491972d5f030e4161d40698de48b5fc5c1c119de03607.graphql",
          "assumeRoleArn": "arn:${AWS::Partition}:iam::${AWS::AccountId}:role/cdk-hnb659fds-file-publishing-role-${AWS::AccountId}-${AWS::Region}"
        }
      }
    },
    "018b0a085f55b4873c580f8841f655f6d9c0f5ea50a19c5035baae9fe7dd62b3": {
      "displayName": "auth Nested Stack Template",
      "source": {
        "path": "amplifyrebackreacttsiverssandbox7de3351196auth5EEC778D.nested.template.json",
        "packaging": "file"
      },
      "destinations": {
        "current_account-current_region": {
          "bucketName": "cdk-hnb659fds-assets-${AWS::AccountId}-${AWS::Region}",
          "objectKey": "018b0a085f55b4873c580f8841f655f6d9c0f5ea50a19c5035baae9fe7dd62b3.json",
          "assumeRoleArn": "arn:${AWS::Partition}:iam::${AWS::AccountId}:role/cdk-hnb659fds-file-publishing-role-${AWS::AccountId}-${AWS::Region}"
        }
      }
    },
    "1752a0cf882733291f7b154843428d88398d5b030ac4e7b52c0b9d6c9fedb377": {
      "displayName": "data/amplifyData/AmplifyTableManager Nested Stack Template",
      "source": {
        "path": "amplifyrebackreacttsiverssandbox7de3351196dataamplifyDataAmplifyTableManager29E6BC55.nested.template.json",
        "packaging": "file"
      },
      "destinations": {
        "current_account-current_region": {
          "bucketName": "cdk-hnb659fds-assets-${AWS::AccountId}-${AWS::Region}",
          "objectKey": "1752a0cf882733291f7b154843428d88398d5b030ac4e7b52c0b9d6c9fedb377.json",
          "assumeRoleArn": "arn:${AWS::Partition}:iam::${AWS::AccountId}:role/cdk-hnb659fds-file-publishing-role-${AWS::AccountId}-${AWS::Region}"
        }
      }
    },
    "4cade6613bcf60bcde2c9c50a2920313e9a30d59634887cdbc578411536dad50": {
      "displayName": "data/amplifyData/Todo Nested Stack Template",
      "source": {
        "path": "amplifyrebackreacttsiverssandbox7de3351196dataamplifyDataTodoF5B92AB3.nested.template.json",
        "packaging": "file"
      },
      "destinations": {
        "current_account-current_region": {
          "bucketName": "cdk-hnb659fds-assets-${AWS::AccountId}-${AWS::Region}",
          "objectKey": "4cade6613bcf60bcde2c9c50a2920313e9a30d59634887cdbc578411536dad50.json",
          "assumeRoleArn": "arn:${AWS::Partition}:iam::${AWS::AccountId}:role/cdk-hnb659fds-file-publishing-role-${AWS::AccountId}-${AWS::Region}"
        }
      }
    },
    "598c66d63dd6eb0fe66f9166b729d84cbf54dc8a5a88838c790aeef48bd1e2b7": {
      "displayName": "data Nested Stack Template",
      "source": {
        "path": "amplifyrebackreacttsiverssandbox7de3351196data22CBF8AA.nested.template.json",
        "packaging": "file"
      },
      "destinations": {
        "current_account-current_region": {
          "bucketName": "cdk-hnb659fds-assets-${AWS::AccountId}-${AWS::Region}",
          "objectKey": "598c66d63dd6eb0fe66f9166b729d84cbf54dc8a5a88838c790aeef48bd1e2b7.json",
          "assumeRoleArn": "arn:${AWS::Partition}:iam::${AWS::AccountId}:role/cdk-hnb659fds-file-publishing-role-${AWS::AccountId}-${AWS::Region}"
        }
      }
    },
    "925a14fd2aa8be29d10b5521b910ef5b19dd6f9cf1951963f59a6eb6f616120b": {
      "displayName": "amplify-rebackreactts-ivers-sandbox-7de3351196 Template",
      "source": {
        "path": "amplify-rebackreactts-ivers-sandbox-7de3351196.template.json",
        "packaging": "file"
      },
      "destinations": {
        "current_account-current_region": {
          "bucketName": "cdk-hnb659fds-assets-${AWS::AccountId}-${AWS::Region}",
          "objectKey": "925a14fd2aa8be29d10b5521b910ef5b19dd6f9cf1951963f59a6eb6f616120b.json",
          "assumeRoleArn": "arn:${AWS::Partition}:iam::${AWS::AccountId}:role/cdk-hnb659fds-file-publishing-role-${AWS::AccountId}-${AWS::Region}"
        }
      }
    }
  },
  "dockerImages": {}
}