{
 "Description": "{\"createdOn\":\"Windows\",\"createdBy\":\"AmplifySandbox\",\"createdWith\":\"1.16.1\",\"stackType\":\"root\",\"metadata\":{}}",
 "Metadata": {
  "AWS::Amplify::Platform": {
   "version": "1",
   "stackOutputs": [
    "deploymentType",
    "region"
   ]
  },
  "AWS::Amplify::Auth": {
   "version": "1",
   "stackOutputs": [
    "userPoolId",
    "webClientId",
    "identityPoolId",
    "authRegion",
    "allowUnauthenticatedIdentities",
    "signupAttributes",
    "usernameAttributes",
    "verificationMechanisms",
    "passwordPolicyMinLength",
    "passwordPolicyRequirements",
    "mfaConfiguration",
    "mfaTypes",
    "socialProviders",
    "oauthCognitoDomain",
    "oauthScope",
    "oauthRedirectSignIn",
    "oauthRedirectSignOut",
    "oauthResponseType",
    "oauthClientId",
    "groups"
   ]
  },
  "AWS::Amplify::GraphQL": {
   "version": "1",
   "stackOutputs": [
    "awsAppsyncApiId",
    "awsAppsyncApiEndpoint",
    "awsAppsyncAuthenticationType",
    "awsAppsyncRegion",
    "amplifyApiModelSchemaS3Uri",
    "awsAppsyncApiKey",
    "awsAppsyncAdditionalAuthenticationTypes"
   ]
  }
 },
 "Outputs": {
  "deploymentType": {
   "Value": "sandbox"
  },
  "region": {
   "Value": {
    "Ref": "AWS::Region"
   }
  },
  "userPoolId": {
   "Value": {
    "Fn::GetAtt": [
     "auth179371D7",
     "Outputs.amplifyrebackreacttsiverssandbox7de3351196authamplifyAuthUserPoolC65A1BBCRef"
    ]
   }
  },
  "webClientId": {
   "Value": {
    "Fn::GetAtt": [
     "auth179371D7",
     "Outputs.amplifyrebackreacttsiverssandbox7de3351196authamplifyAuthUserPoolAppClient0D305A53Ref"
    ]
   }
  },
  "identityPoolId": {
   "Value": {
    "Fn::GetAtt": [
     "auth179371D7",
     "Outputs.amplifyrebackreacttsiverssandbox7de3351196authamplifyAuthIdentityPool25DC3AB5Ref"
    ]
   }
  },
  "authRegion": {
   "Value": {
    "Ref": "AWS::Region"
   }
  },
  "allowUnauthenticatedIdentities": {
   "Value": "true"
  },
  "signupAttributes": {
   "Value": "[\"email\"]"
  },
  "usernameAttributes": {
   "Value": "[\"email\"]"
  },
  "verificationMechanisms": {
   "Value": "[\"email\"]"
  },
  "passwordPolicyMinLength": {
   "Value": "8"
  },
  "passwordPolicyRequirements": {
   "Value": "[\"REQUIRES_NUMBERS\",\"REQUIRES_LOWERCASE\",\"REQUIRES_UPPERCASE\",\"REQUIRES_SYMBOLS\"]"
  },
  "mfaConfiguration": {
   "Value": "OFF"
  },
  "mfaTypes": {
   "Value": "[]"
  },
  "socialProviders": {
   "Value": ""
  },
  "oauthCognitoDomain": {
   "Value": ""
  },
  "oauthScope": {
   "Value": "[\"profile\",\"phone\",\"email\",\"openid\",\"aws.cognito.signin.user.admin\"]"
  },
  "oauthRedirectSignIn": {
   "Value": "https://example.com"
  },
  "oauthRedirectSignOut": {
   "Value": ""
  },
  "oauthResponseType": {
   "Value": "code"
  },
  "oauthClientId": {
   "Value": {
    "Fn::GetAtt": [
     "auth179371D7",
     "Outputs.amplifyrebackreacttsiverssandbox7de3351196authamplifyAuthUserPoolAppClient0D305A53Ref"
    ]
   }
  },
  "groups": {
   "Value": "[]"
  },
  "awsAppsyncApiId": {
   "Value": {
    "Fn::GetAtt": [
     "data7552DF31",
     "Outputs.amplifyrebackreacttsiverssandbox7de3351196dataamplifyDataGraphQLAPICC40FD75ApiId"
    ]
   }
  },
  "awsAppsyncApiEndpoint": {
   "Value": {
    "Fn::GetAtt": [
     "data7552DF31",
     "Outputs.amplifyrebackreacttsiverssandbox7de3351196dataamplifyDataGraphQLAPICC40FD75GraphQLUrl"
    ]
   }
  },
  "awsAppsyncAuthenticationType": {
   "Value": "API_KEY"
  },
  "awsAppsyncRegion": {
   "Value": {
    "Ref": "AWS::Region"
   }
  },
  "amplifyApiModelSchemaS3Uri": {
   "Value": {
    "Fn::Join": [
     "",
     [
      "s3://",
      {
       "Fn::Select": [
        0,
        {
         "Fn::Split": [
          "/",
          {
           "Fn::Select": [
            5,
            {
             "Fn::Split": [
              ":",
              {
               "Fn::GetAtt": [
                "data7552DF31",
                "Outputs.amplifyrebackreacttsiverssandbox7de3351196dataamplifyDataAmplifyCodegenAssetsAmplifyCodegenAssetsDeploymentCustomResource1536MiB1E9085ABDestinationBucketArn"
               ]
              }
             ]
            }
           ]
          }
         ]
        }
       ]
      },
      "/model-schema.graphql"
     ]
    ]
   }
  },
  "awsAppsyncApiKey": {
   "Value": {
    "Fn::GetAtt": [
     "data7552DF31",
     "Outputs.amplifyrebackreacttsiverssandbox7de3351196dataamplifyDataGraphQLAPIDefaultApiKey567F9F5AApiKey"
    ]
   }
  },
  "awsAppsyncAdditionalAuthenticationTypes": {
   "Value": "AMAZON_COGNITO_USER_POOLS,AWS_IAM"
  }
 },
 "Resources": {
  "auth179371D7": {
   "Type": "AWS::CloudFormation::Stack",
   "Properties": {
    "Tags": [
     {
      "Key": "amplify:deployment-type",
      "Value": "sandbox"
     },
     {
      "Key": "created-by",
      "Value": "amplify"
     }
    ],
    "TemplateURL": {
     "Fn::Join": [
      "",
      [
       "https://s3.",
       {
        "Ref": "AWS::Region"
       },
       ".",
       {
        "Ref": "AWS::URLSuffix"
       },
       "/",
       {
        "Fn::Sub": "cdk-hnb659fds-assets-${AWS::AccountId}-${AWS::Region}"
       },
       "/018b0a085f55b4873c580f8841f655f6d9c0f5ea50a19c5035baae9fe7dd62b3.json"
      ]
     ]
    }
   },
   "UpdateReplacePolicy": "Delete",
   "DeletionPolicy": "Delete",
   "Metadata": {
    "aws:cdk:path": "amplify-rebackreactts-ivers-sandbox-7de3351196/auth.NestedStack/auth.NestedStackResource",
    "aws:asset:path": "amplifyrebackreacttsiverssandbox7de3351196auth5EEC778D.nested.template.json",
    "aws:asset:property": "TemplateURL"
   }
  },
  "data7552DF31": {
   "Type": "AWS::CloudFormation::Stack",
   "Properties": {
    "Parameters": {
     "referencetoamplifyrebackreacttsiverssandbox7de3351196authNestedStackauthNestedStackResourceE3ABFFB4Outputsamplifyrebackreacttsiverssandbox7de3351196authamplifyAuthUserPoolC65A1BBCRef": {
      "Fn::GetAtt": [
       "auth179371D7",
       "Outputs.amplifyrebackreacttsiverssandbox7de3351196authamplifyAuthUserPoolC65A1BBCRef"
      ]
     },
     "referencetoamplifyrebackreacttsiverssandbox7de3351196authNestedStackauthNestedStackResourceE3ABFFB4Outputsamplifyrebackreacttsiverssandbox7de3351196authamplifyAuthauthenticatedUserRole61737808Ref": {
      "Fn::GetAtt": [
       "auth179371D7",
       "Outputs.amplifyrebackreacttsiverssandbox7de3351196authamplifyAuthauthenticatedUserRole61737808Ref"
      ]
     },
     "referencetoamplifyrebackreacttsiverssandbox7de3351196authNestedStackauthNestedStackResourceE3ABFFB4Outputsamplifyrebackreacttsiverssandbox7de3351196authamplifyAuthunauthenticatedUserRole81B143F2Ref": {
      "Fn::GetAtt": [
       "auth179371D7",
       "Outputs.amplifyrebackreacttsiverssandbox7de3351196authamplifyAuthunauthenticatedUserRole81B143F2Ref"
      ]
     },
     "referencetoamplifyrebackreacttsiverssandbox7de3351196authNestedStackauthNestedStackResourceE3ABFFB4Outputsamplifyrebackreacttsiverssandbox7de3351196authamplifyAuthIdentityPool25DC3AB5Ref": {
      "Fn::GetAtt": [
       "auth179371D7",
       "Outputs.amplifyrebackreacttsiverssandbox7de3351196authamplifyAuthIdentityPool25DC3AB5Ref"
      ]
     }
    },
    "Tags": [
     {
      "Key": "amplify:deployment-type",
      "Value": "sandbox"
     },
     {
      "Key": "created-by",
      "Value": "amplify"
     }
    ],
    "TemplateURL": {
     "Fn::Join": [
      "",
      [
       "https://s3.",
       {
        "Ref": "AWS::Region"
       },
       ".",
       {
        "Ref": "AWS::URLSuffix"
       },
       "/",
       {
        "Fn::Sub": "cdk-hnb659fds-assets-${AWS::AccountId}-${AWS::Region}"
       },
       "/598c66d63dd6eb0fe66f9166b729d84cbf54dc8a5a88838c790aeef48bd1e2b7.json"
      ]
     ]
    }
   },
   "UpdateReplacePolicy": "Delete",
   "DeletionPolicy": "Delete",
   "Metadata": {
    "aws:cdk:path": "amplify-rebackreactts-ivers-sandbox-7de3351196/data.NestedStack/data.NestedStackResource",
    "aws:asset:path": "amplifyrebackreacttsiverssandbox7de3351196data22CBF8AA.nested.template.json",
    "aws:asset:property": "TemplateURL"
   }
  },
  "CDKMetadata": {
   "Type": "AWS::CDK::Metadata",
   "Properties": {
    "Analytics": "v2:deflate64:H4sIAAAAAAAA/zPSM7Q01TNQTCwv1k1OydbNyUzSqw4uSUzO1nFOy/MvLSkoLQGxwEK1Onn5Kal6WcX6ZUYGeoaWeoaKWcWZmbpFpXklmbmpekEQGgDV4p2/VAAAAA=="
   },
   "Metadata": {
    "aws:cdk:path": "amplify-rebackreactts-ivers-sandbox-7de3351196/CDKMetadata/Default"
   },
   "Condition": "CDKMetadataAvailable"
  }
 },
 "Conditions": {
  "CDKMetadataAvailable": {
   "Fn::Or": [
    {
     "Fn::Or": [
      {
       "Fn::Equals": [
        {
         "Ref": "AWS::Region"
        },
        "af-south-1"
       ]
      },
      {
       "Fn::Equals": [
        {
         "Ref": "AWS::Region"
        },
        "ap-east-1"
       ]
      },
      {
       "Fn::Equals": [
        {
         "Ref": "AWS::Region"
        },
        "ap-northeast-1"
       ]
      },
      {
       "Fn::Equals": [
        {
         "Ref": "AWS::Region"
        },
        "ap-northeast-2"
       ]
      },
      {
       "Fn::Equals": [
        {
         "Ref": "AWS::Region"
        },
        "ap-northeast-3"
       ]
      },
      {
       "Fn::Equals": [
        {
         "Ref": "AWS::Region"
        },
        "ap-south-1"
       ]
      },
      {
       "Fn::Equals": [
        {
         "Ref": "AWS::Region"
        },
        "ap-south-2"
       ]
      },
      {
       "Fn::Equals": [
        {
         "Ref": "AWS::Region"
        },
        "ap-southeast-1"
       ]
      },
      {
       "Fn::Equals": [
        {
         "Ref": "AWS::Region"
        },
        "ap-southeast-2"
       ]
      },
      {
       "Fn::Equals": [
        {
         "Ref": "AWS::Region"
        },
        "ap-southeast-3"
       ]
      }
     ]
    },
    {
     "Fn::Or": [
      {
       "Fn::Equals": [
        {
         "Ref": "AWS::Region"
        },
        "ap-southeast-4"
       ]
      },
      {
       "Fn::Equals": [
        {
         "Ref": "AWS::Region"
        },
        "ca-central-1"
       ]
      },
      {
       "Fn::Equals": [
        {
         "Ref": "AWS::Region"
        },
        "ca-west-1"
       ]
      },
      {
       "Fn::Equals": [
        {
         "Ref": "AWS::Region"
        },
        "cn-north-1"
       ]
      },
      {
       "Fn::Equals": [
        {
         "Ref": "AWS::Region"
        },
        "cn-northwest-1"
       ]
      },
      {
       "Fn::Equals": [
        {
         "Ref": "AWS::Region"
        },
        "eu-central-1"
       ]
      },
      {
       "Fn::Equals": [
        {
         "Ref": "AWS::Region"
        },
        "eu-central-2"
       ]
      },
      {
       "Fn::Equals": [
        {
         "Ref": "AWS::Region"
        },
        "eu-north-1"
       ]
      },
      {
       "Fn::Equals": [
        {
         "Ref": "AWS::Region"
        },
        "eu-south-1"
       ]
      },
      {
       "Fn::Equals": [
        {
         "Ref": "AWS::Region"
        },
        "eu-south-2"
       ]
      }
     ]
    },
    {
     "Fn::Or": [
      {
       "Fn::Equals": [
        {
         "Ref": "AWS::Region"
        },
        "eu-west-1"
       ]
      },
      {
       "Fn::Equals": [
        {
         "Ref": "AWS::Region"
        },
        "eu-west-2"
       ]
      },
      {
       "Fn::Equals": [
        {
         "Ref": "AWS::Region"
        },
        "eu-west-3"
       ]
      },
      {
       "Fn::Equals": [
        {
         "Ref": "AWS::Region"
        },
        "il-central-1"
       ]
      },
      {
       "Fn::Equals": [
        {
         "Ref": "AWS::Region"
        },
        "me-central-1"
       ]
      },
      {
       "Fn::Equals": [
        {
         "Ref": "AWS::Region"
        },
        "me-south-1"
       ]
      },
      {
       "Fn::Equals": [
        {
         "Ref": "AWS::Region"
        },
        "sa-east-1"
       ]
      },
      {
       "Fn::Equals": [
        {
         "Ref": "AWS::Region"
        },
        "us-east-1"
       ]
      },
      {
       "Fn::Equals": [
        {
         "Ref": "AWS::Region"
        },
        "us-east-2"
       ]
      },
      {
       "Fn::Equals": [
        {
         "Ref": "AWS::Region"
        },
        "us-west-1"
       ]
      }
     ]
    },
    {
     "Fn::Equals": [
      {
       "Ref": "AWS::Region"
      },
      "us-west-2"
     ]
    }
   ]
  }
 },
 "Parameters": {
  "BootstrapVersion": {
   "Type": "AWS::SSM::Parameter::Value<String>",
   "Default": "/cdk-bootstrap/hnb659fds/version",
   "Description": "Version of the CDK Bootstrap resources in this environment, automatically retrieved from SSM Parameter Store. [cdk:skip]"
  }
 },
 "Rules": {
  "CheckBootstrapVersion": {
   "Assertions": [
    {
     "Assert": {
      "Fn::Not": [
       {
        "Fn::Contains": [
         [
          "1",
          "2",
          "3",
          "4",
          "5"
         ],
         {
          "Ref": "BootstrapVersion"
         }
        ]
       }
      ]
     },
     "AssertDescription": "CDK bootstrap stack version 6 required. Please run 'cdk bootstrap' with a recent version of the CDK CLI."
    }
   ]
  }
 }
}